序号,市,县（市、区）,水资源分区,nan,水资源利用分区,面积（km2）,人口（万人）,nan,nan,国内地区生产总值  （亿元）,nan,nan,nan,工业增加值（亿元）,nan,nan,nan,火(核)电装机(万kW),nan,总耕地面积      （万亩）,有效灌溉面积   （万亩）,农田实灌面积（万亩）,nan,nan,nan,粮食产量（万吨）,林牧渔面积（万亩）,nan,nan,nan,牲畜(万头),nan,nan,地表水源供水量,nan,nan,nan,nan,nan,nan,地下水源供水量,nan,nan,nan,其他水源供水量,nan,nan,nan,总供水量,环境配水量,农田灌溉用水量,nan,nan,nan,nan,林牧渔畜用水量,nan,nan,nan,nan,nan,nan,nan,工业用水量,nan,nan,nan,nan,nan,城镇公共用水量,nan,nan,nan,居民生活用水量,nan,nan,nan,生态与环境用水量,nan,nan,nan,总用水量,nan,环境配水量,总计,总用水量（核算）,总供水量（核算）,总供水-总用水,nan,nan,nan
1,杭嘉湖区,,,,,14999,1109.0200000000002,405.78000000000003,1514.7999999999997,443.51,7218.49,11385.68,19014.18,249.46,5069.149999999999,932.6999999999999,6356.59,872.8,961.7,723.8800000000001,578.67,445.17010000000005,47.9,31.920000000000005,524.9899999999999,171.7622,25.55,11.48,0,48.84409999999999,1.3387999999999998,1270.9854000000003,1272.3212,3.5671,3.5141999999999998,31.1222,5.0902,0,0,43.293699999999994,0.0084,0.0002,0,0.0086,1.1347,0,0,1.1347,44.437,15.2918,16.6938,0.4533999999999999,0.44949999999999996,17.596700000000002,0,0.1692,0.06879999999999999,0,2.7354000000000003,0.0025,0.14170000000000002,3.1176000000000004,0.0005,0.1895,0.8516000000000001,7.5710999999999995,1.0022000000000002,9.614400000000003,0.007299999999999999,0.8200000000000002,5.129600000000002,5.9495999999999984,0.0004,5.508199999999999,1.6083999999999996,7.116600000000002,0.0004,0.9106999999999998,0.13140000000000002,1.0421000000000002,0,44.437,0.0086,15.2918,59.72879999999999,杭嘉湖区,,0,0.0,34.6364,49.928200000000004
