序号,市,县（市、区）,水资源分区,nan,水资源利用分区,面积（km2）,人口（万人）,nan,nan,国内地区生产总值  （亿元）,nan,nan,nan,工业增加值（亿元）,nan,nan,nan,火(核)电装机(万kW),nan,总耕地面积      （万亩）,有效灌溉面积   （万亩）,农田实灌面积（万亩）,nan,nan,nan,粮食产量（万吨）,林牧渔面积（万亩）,nan,nan,nan,牲畜(万头),nan,nan,地表水源供水量,nan,nan,nan,nan,nan,nan,地下水源供水量,nan,nan,nan,其他水源供水量,nan,nan,nan,总供水量,环境配水量,农田灌溉用水量,nan,nan,nan,nan,林牧渔畜用水量,nan,nan,nan,nan,nan,nan,nan,工业用水量,nan,nan,nan,nan,nan,城镇公共用水量,nan,nan,nan,居民生活用水量,nan,nan,nan,生态与环境用水量,nan,nan,nan,总用水量,nan,环境配水量,总计,总用水量（核算）,总供水量（核算）,总供水-总用水,nan,nan,nan,nan,nan,nan,nan,nan,nan,nan,nan,nan,nan,nan,nan,nan,nan,nan,nan,nan,nan,nan,nan
5,钱塘江区,,,,,32502.000000000004,817.1854999999999,442.9883999999999,1260.1738999999998,450.38300000000004,3841.9858000000004,5233.585599999999,9525.954399999999,43.03949999999999,2329.842,834.4861999999999,3207.3677,34.5,391.475,763.2,572.5723,423.5258,67.41000000000001,47.0296,537.9654,159.07449999999997,23.500000000000007,47.19,0.16,25.491000000000007,19.1379,529.2736999999998,548.4116,19.667242268999996,11.33927133,6.533099709,0.036246691,,0,37.57589999999998,0.14459999999999995,0.0001,0,0.14469999999999997,0.451,0.015899999999999997,0,0.4669,38.18749999999999,1.6632,15.863835,0.5982559999999998,0.5231089999999999,16.985200000000003,0.003,0.1315,0.2979,0.0009,2.5049,0.06980000000000004,0.2444,3.2494,0.019,0.7896,0.3325,5.257549420000001,1.4899000000000002,7.869500000000001,0.03891800000000001,0.7414000000000002,2.295273,3.0367,0.0157,3.5623004999999996,1.6052999999999997,5.1676,0.06789000000000002,1.4157999999999995,0.46329999999999993,1.8790999999999995,0.0001,38.18749999999999,0.14469999999999997,1.6632,39.85069999999999,,,,,,,,,,,,,,,,,,,,,,,,,,
