序号,市,县（市、区）,水资源分区,nan,水资源利用分区,nan,面积（km2）,人口（万人）,nan,nan,国内地区生产总值  （亿元）,nan,nan,nan,工业增加值（亿元）,nan,nan,nan,火(核)电装机(万kW),nan,总耕地面积      （万亩）,有效灌溉面积   （万亩）,农田实灌面积（万亩）,nan,nan,nan,粮食产量（万吨）,林牧渔面积（万亩）,nan,nan,nan,牲畜(万头),nan,nan,地表水源供水量,nan,nan,nan,nan,nan,nan,地下水源供水量,nan,nan,nan,其他水源供水量,nan,nan,nan,总供水量,环境配水量,农田灌溉用水量,nan,nan,nan,nan,林牧渔畜用水量,nan,nan,nan,nan,nan,nan,nan,工业用水量,nan,nan,nan,nan,nan,城镇公共用水量,nan,nan,nan,居民生活用水量,nan,nan,nan,生态与环境用水量,nan,nan,nan,总用水量,nan,环境配水量,总计,总用水量（核算）,总供水量（核算）,总供水-总用水
,其中湖州市,,,,,,5820,226.41699999999997,114.88300000000001,341.3,161.0527,1966.4678,1720.8286000000003,3848.3491,45.363200000000006,1227.5365,499.2691,1772.1688,0,539.12,125.87999999999998,125.67999999999998,107.36159999999998,13.3984,0,120.75999999999999,52.919999999999995,4.6499999999999995,8.87,0,24.680000000000003,0.2697,135.9249,136.19459999999998,3.6317000000000004,0.482,7.9903,0,,0,12.104000000000001,0.0008,0,0,0.0008,0.30329999999999996,0,0,0.30329999999999996,12.408100000000001,0.0365,4.596,0.1982,0,4.7942,0,0.022,0.096,0,1.8733999999999997,0.0007,0.0566,2.0486999999999997,0,0,0.5705,1.195,0.5095000000000001,2.275,0.0008,0.1529,1.0241,1.177,0,1.1607,0.5335000000000001,1.6942000000000002,0,0.32489999999999997,0.09410000000000002,0.41900000000000004,0,12.408100000000001,0.0008,0.0365,12.444600000000001,0,0,0
