序号,市,县（市、区）,水资源分区,nan,水资源利用分区,面积（km2）,人口（万人）,nan,nan,国内地区生产总值  （亿元）,nan,nan,nan,工业增加值（亿元）,nan,nan,nan,火(核)电装机(万kW),nan,总耕地面积      （万亩）,有效灌溉面积   （万亩）,农田实灌面积（万亩）,nan,nan,nan,粮食产量（万吨）,林牧渔面积（万亩）,nan,nan,nan,牲畜(万头),nan,nan,地表水源供水量,nan,nan,nan,nan,nan,nan,地下水源供水量,nan,nan,nan,其他水源供水量,nan,nan,nan,总供水量,环境配水量,农田灌溉用水量,nan,nan,nan,nan,林牧渔畜用水量,nan,nan,nan,nan,nan,nan,nan,工业用水量,nan,nan,nan,nan,nan,城镇公共用水量,nan,nan,nan,居民生活用水量,nan,nan,nan,生态与环境用水量,nan,nan,nan,总用水量,nan,环境配水量,总计
,其中金华市,,,,,10942,511.69,204.60999999999999,716.3000000000001,156.41,2367.4,3487.46,6011.2699999999995,6.885000000000001,1246.7200000000003,766.725,2020.3299999999997,0,317.475,221.1,211.84,157.5,37.99999999999999,0,195.50000000000003,48.489999999999995,12.739999999999997,45.18000000000001,0,13.4125,3.7447000000000004,173.77499999999995,177.51969999999997,12.286399999999999,1.9587999999999999,1.5785000000000002,0,,0,15.8237,0.012,0,0,0.0214,0.2268,0.016,0,0.24339999999999998,16.0946,0.3735,5.953800000000002,0.2641,0,6.217899999999999,0,0.07280000000000003,0.2526,0,0.7864,0.010099999999999998,0.0948,1.2167,0.0142,0,0.4347999999999999,1.7429000000000001,0.7879999999999999,2.9356999999999998,0.0038,0.08320000000000002,1.2042000000000002,1.2873999999999997,0.0024,2.6911,0.9795999999999999,3.6706999999999996,0,0.6004,0.16580000000000003,0.7662,0,16.0946,0.0215,0.3735,16.4681
