序号,市,县（市、区）,水资源分区,nan,水资源利用分区,面积（km2）,人口（万人）,nan,nan,国内地区生产总值  （亿元）,nan,nan,nan,工业增加值（亿元）,nan,nan,nan,火(核)电装机(万kW),nan,总耕地面积      （万亩）,有效灌溉面积   （万亩）,农田实灌面积（万亩）,nan,nan,nan,粮食产量（万吨）,林牧渔面积（万亩）,nan,nan,nan,牲畜(万头),nan,nan,地表水源供水量,nan,nan,nan,nan,nan,nan,地下水源供水量,nan,nan,nan,其他水源供水量,nan,nan,nan,总供水量,环境配水量,农田灌溉用水量,nan,nan,nan,nan,林牧渔畜用水量,nan,nan,nan,nan,nan,nan,nan,工业用水量,nan,nan,nan,nan,nan,城镇公共用水量,nan,nan,nan,居民生活用水量,nan,nan,nan,生态与环境用水量,nan,nan,nan,总用水量,nan,环境配水量,总计,总用水量（核算）,总供水量（核算）,总供水-总用水,nan,nan,nan
,其中湖州市,,,,,5820,197.38000000000002,108.62,306,133.8,1595.5,1393.2,3122.4999999999995,33.18,769.82,514.02,1422.1999999999998,0,517.3,228.33,193.02999999999997,146.14999999999998,12.52,21.650000000000002,180.31999999999996,51.92,13.51,0,0,24.680000000000003,0.19699999999999998,55.78,55.977,2.7839,0.48840000000000006,8.9132,0,0,0,12.1855,0.0055,0,0,0.0055,0.48919999999999997,0,0,0.48919999999999997,12.680200000000001,0,5.5586,0.07800000000000001,0.34529999999999994,5.9819,0,0.0582,0,0,1.6747,0.0007000000000000001,0.0209,1.7545,0,0,0.3516,1.3213,0.5105,2.1834,0.0055,0.19879999999999998,0.7722,0.971,0,1.0678,0.47209999999999996,1.5399,0,0.18860000000000002,0.060899999999999996,0.24949999999999997,0,12.680200000000001,0.0055,0,12.680200000000001,其中湖州市,,0,0.0,9.4016,9.4016
