序号,市,县（市、区）,水资源分区,nan,水资源利用分区,面积（km2）,人口（万人）,nan,nan,国内地区生产总值  （亿元）,nan,nan,nan,工业增加值（亿元）,nan,nan,nan,火(核)电装机(万kW),nan,总耕地面积      （万亩）,有效灌溉面积   （万亩）,农田实灌面积（万亩）,nan,nan,nan,粮食产量（万吨）,林牧渔面积（万亩）,nan,nan,nan,牲畜(万头),nan,nan,地表水源供水量,nan,nan,nan,nan,nan,nan,地下水源供水量,nan,nan,nan,其他水源供水量,nan,nan,nan,总供水量,环境配水量,农田灌溉用水量,nan,nan,nan,nan,林牧渔畜用水量,nan,nan,nan,nan,nan,nan,nan,工业用水量,nan,nan,nan,nan,nan,城镇公共用水量,nan,nan,nan,居民生活用水量,nan,nan,nan,生态与环境用水量,nan,nan,nan,总用水量,nan,环境配水量,总计,总用水量（核算）,总供水量（核算）,总供水-总用水,nan,nan,nan
4,台州区,,,,,9411,391.66,223.33999999999997,615.0000000000001,282.5179,2337.4267999999997,2514.6352,5134.579999999999,82.4555,1105.9299999999998,778.8645,1967.2499999999998,1486,16.5,289.35,184.96300000000002,139.03500000000003,22.294,10.514,171.84300000000002,51.08,5.803999999999997,15.674,0,3.379,2.2269000000000005,198.00000000000003,200.22930000000002,8.689300000000001,1.156,4.1171999999999995,0,0,0,13.962499999999995,0.19829999999999998,0,0,0.19829999999999998,0.2495,0.0975,0.0717,0.41869999999999996,14.579500000000003,1.89,5.495899999999999,0.1815,0.05109999999999999,5.7284999999999995,0.0073,0.0816,0.10300000000000001,0,0.21190000000000003,0.0074,0.05395,0.45790000000000003,0.0005,0.14529999999999998,0.0657,1.8560999999999999,1.2300000000000002,3.2971000000000004,0.0015999999999999999,0.2782,1.1021,1.3803000000000003,0.0043,1.8720999999999999,0.8504999999999999,2.7226000000000004,0.18460000000000001,0.6387999999999999,0.3543,0.9931000000000001,0,14.579500000000003,0.19829999999999998,1.89,16.469500000000004,,,0,0.0,5.273199999999999,7.163199999999999
