序号,市,县（市、区）,水资源分区,nan,水资源利用分区,面积（km2）,人口（万人）,nan,nan,国内地区生产总值  （亿元）,nan,nan,nan,工业增加值（亿元）,nan,nan,nan,火(核)电装机(万kW),nan,总耕地面积      （万亩）,有效灌溉面积   （万亩）,农田实灌面积（万亩）,nan,nan,nan,粮食产量（万吨）,林牧渔面积（万亩）,nan,nan,nan,牲畜(万头),nan,nan,地表水源供水量,nan,nan,nan,nan,nan,nan,地下水源供水量,nan,nan,nan,其他水源供水量,nan,nan,nan,总供水量,环境配水量,农田灌溉用水量,nan,nan,nan,nan,林牧渔畜用水量,nan,nan,nan,nan,nan,nan,nan,工业用水量,nan,nan,nan,nan,nan,城镇公共用水量,nan,nan,nan,居民生活用水量,nan,nan,nan,生态与环境用水量,nan,nan,nan,总用水量,nan,环境配水量,总计,总用水量（核算）,总供水量（核算）,总供水-总用水,nan,nan,nan
3,温州区,,,,,12087.999999999998,655.67,274.33,929.9999999999999,147.54000000000002,2607.4600000000005,3891.9000000000005,6646.9,66.08,1080.9699999999998,1104.5699999999997,2251.62,349.2,9.1,362.70000000000005,172.85210000000004,138.16590000000002,7.76,14.635,160.55679999999998,80.2865,12.824999999999998,10.995,1.185,0,3.3209,52.47,55.8,8.511600000000001,6.2706,2.2163999999999997,0,0,0,16.998600000000003,0.0298,0,0,0.0298,0,0,0,0,17.028399999999998,5.4526,4.983200000000001,0.1442,0.1796,5.307,0.0083,0.0406,0.041,0.0045,0,0.0121,0.0323,0.1305,0,0.10540000000000001,0.0193,2.2746,1.4543000000000001,3.8535999999999997,0.010733,0.4985,1.8883999999999996,2.3869000000000002,0,3.1236,1.0623999999999998,4.186,0.0108,1.1356999999999995,0.028700000000000003,1.1643999999999997,0,17.028399999999998,0.0298,5.4526,22.481,温州区,,0,0.0,8.487,13.9396
