序号,市,县（市、区）,水资源分区,nan,水资源利用分区,面积（km2）,人口（万人）,nan,nan,国内地区生产总值  （亿元）,nan,nan,nan,工业增加值（亿元）,nan,nan,nan,火(核)电装机(万kW),nan,总耕地面积      （万亩）,有效灌溉面积   （万亩）,农田实灌面积（万亩）,nan,nan,nan,粮食产量（万吨）,林牧渔面积（万亩）,nan,nan,nan,牲畜(万头),nan,nan,地表水源供水量,nan,nan,nan,nan,nan,nan,地下水源供水量,nan,nan,nan,其他水源供水量,nan,nan,nan,总供水量,环境配水量,农田灌溉用水量,nan,nan,nan,nan,林牧渔畜用水量,nan,nan,nan,nan,nan,nan,nan,工业用水量,nan,nan,nan,nan,nan,城镇公共用水量,nan,nan,nan,居民生活用水量,nan,nan,nan,生态与环境用水量,nan,nan,nan,总用水量,nan,环境配水量,总计,总用水量（核算）,总供水量（核算）,总供水-总用水,nan,nan,nan,nan,nan,nan,nan,nan,nan,nan,nan,nan,nan,nan,nan,nan,nan,nan,nan,nan,nan,nan,nan
1,杭嘉湖区,,,,,14999,1237.7771,345.51079999999996,1583.2879,367.89,6710.920000000001,11682.420000000006,18761.230000000003,232.50519999999997,4976.72,719.2248000000001,5928.45,530,1409.72,646.8100000000002,528.3835,376.647,43.199999999999996,51.376999999999995,471.22399999999993,164.6926,24.47,10.34,0,47.43999999999999,0.6155999999999999,1334.29,1334.9056,4.1648,2.7468,30.618199999999998,4.867100000000001,0,0,42.39690000000001,0.002,0.0001,0,0.0021,1.4304000000000001,0,0,1.4304000000000001,43.8294,17.227700000000002,16.4388,0.4131,0.6476000000000001,17.4995,0,0.18089999999999998,0.09699999999999999,0,2.6270999999999995,0.002,0.13599999999999998,3.0429999999999997,0,0.0764,0.9890999999999999,6.632600000000001,0.6894,8.3875,0.0012000000000000001,1.0911,5.078599999999998,6.1697,0.0009,6.0207,1.5016,7.5223,0,1.0490999999999997,0.1583,1.2073999999999998,0,43.8294,0.0021,17.227700000000002,61.057099999999984,,,,,,,,,,,,,,,,,,,,,,,,,,
