序号,市,县（市、区）,水资源分区,nan,水资源利用分区,面积（km2）,人口（万人）,nan,nan,国内地区生产总值  （亿元）,nan,nan,nan,工业增加值（亿元）,nan,nan,nan,火(核)电装机(万kW),nan,总耕地面积      （万亩）,有效灌溉面积   （万亩）,农田实灌面积（万亩）,nan,nan,nan,粮食产量（万吨）,林牧渔面积（万亩）,nan,nan,nan,牲畜(万头),nan,nan,地表水源供水量,nan,nan,nan,nan,nan,nan,地下水源供水量,nan,nan,nan,其他水源供水量,nan,nan,nan,总供水量,环境配水量,农田灌溉用水量,nan,nan,nan,nan,林牧渔畜用水量,nan,nan,nan,nan,nan,nan,nan,工业用水量,nan,nan,nan,nan,nan,城镇公共用水量,nan,nan,nan,居民生活用水量,nan,nan,nan,生态与环境用水量,nan,nan,nan,总用水量,nan,环境配水量,总计,总用水量（核算）,总供水量（核算）,总供水-总用水,nan,nan,nan,nan,nan,nan,nan,nan,nan,nan,nan,nan,nan,nan,nan,nan,nan,nan,nan,nan,nan,nan,nan
,其中湖州市,,,,,5820,221.05710000000002,115.7008,336.75789999999995,140.5,1587.4,1475.2,3203.1,34.199999999999996,917.01,468.5000000000001,1419.71,0,518.7199999999999,237.79999999999998,202.5035,146.14999999999998,12.52,21.647,180.31699999999998,51.87,13.51,0,0,24.680000000000003,0.2113,71.87,72.0813,3.3987,0.4871,8.003199999999998,0,,0,11.888999999999998,0.0007,0,0,0.0007,0.5494,0,0,0.5494,12.439099999999998,0.6411,5.5123999999999995,0.07780000000000001,0.34299999999999997,5.933199999999999,0,0.0588,0,0,1.5166000000000002,0.0005,0.023799999999999998,1.5997,0,0,0.35919999999999996,1.2013,0.5189,2.0794,0.0007,0.20379999999999998,0.7360999999999999,0.9399000000000001,0,1.1334,0.504,1.6374,0,0.18850000000000003,0.061,0.2495,0,12.439099999999998,0.0007,0.6411,13.0802,,,,,,,,,,,,,,,,,,,,,,,,,,
