序号,市,县（市、区）,水资源分区,nan,水资源利用分区,面积（km2）,人口（万人）,nan,nan,国内地区生产总值  （亿元）,nan,nan,nan,工业增加值（亿元）,nan,nan,nan,火(核)电装机(万kW),nan,总耕地面积      （万亩）,有效灌溉面积   （万亩）,农田实灌面积（万亩）,nan,nan,nan,粮食产量（万吨）,林牧渔面积（万亩）,nan,nan,nan,牲畜(万头),nan,nan,地表水源供水量,nan,nan,nan,nan,nan,nan,地下水源供水量,nan,nan,nan,其他水源供水量,nan,nan,nan,总供水量,环境配水量,农田灌溉用水量,nan,nan,nan,nan,林牧渔畜用水量,nan,nan,nan,nan,nan,nan,nan,工业用水量,nan,nan,nan,nan,nan,城镇公共用水量,nan,nan,nan,居民生活用水量,nan,nan,nan,生态与环境用水量,nan,nan,nan,总用水量,nan,环境配水量,总计,总用水量（核算）,总供水量（核算）,总供水-总用水,nan,nan,nan,nan,nan,nan,nan,nan,nan,nan,nan,nan,nan,nan,nan,nan,nan,nan,nan,nan,nan,nan,nan
2,萧绍宁舟区,,,,,18476,1348.5939000000003,394.38829999999996,1742.9821999999997,732.1913999999999,10141.4758,11588.006299999997,22461.673500000004,168.51250000000002,7270.742299999999,1527.9422,8967.196999999998,1489.9999999999998,954.1599999999999,655.6200000000001,517.7387999999999,354.7289,107.7402,23.702400000000004,486.17149999999987,141.32770000000002,23.203699999999994,21.263999999999996,0,26.213900000000013,3.6099,407.75470000000007,411.36460000000005,19.562800000000006,8.130299999999998,14.0946,1.2707000000000002,0,0,43.05839999999999,0.075,0,0,0.075,0.9623,0.0172,0.6106,1.5900999999999998,44.7235,15.954400000000003,12.713000000000001,1.0471000000000001,0.2447,14.004800000000001,0.008900000000000002,0.16400000000000003,0.1733,0,1.9556999999999995,0.012899999999999998,0.16750000000000004,2.4734000000000003,0,0.3055,1.2404,9.3593,2.3076000000000008,13.212799999999996,0.027600000000000003,1.1836,3.671300000000001,4.854900000000001,0.0032999999999999995,7.0962000000000005,1.8938999999999997,8.990099999999998,0.035199999999999995,0.9393000000000001,0.24819999999999995,1.1875000000000002,0,44.7235,0.075,15.954400000000003,60.677899999999994,,,,,,,,,,,,,,,,,,,,,,,,,,
