序号,市,县（市、区）,水资源分区,nan,水资源利用分区,面积（km2）,人口（万人）,nan,nan,国内地区生产总值  （亿元）,nan,nan,nan,工业增加值（亿元）,nan,nan,nan,火(核)电装机(万kW),nan,总耕地面积      （万亩）,有效灌溉面积   （万亩）,农田实灌面积（万亩）,nan,nan,nan,粮食产量（万吨）,林牧渔面积（万亩）,nan,nan,nan,牲畜(万头),nan,nan,地表水源供水量,nan,nan,nan,nan,nan,nan,地下水源供水量,nan,nan,nan,其他水源供水量,nan,nan,nan,总供水量,环境配水量,农田灌溉用水量,nan,nan,nan,nan,林牧渔畜用水量,nan,nan,nan,nan,nan,nan,nan,工业用水量,nan,nan,nan,nan,nan,城镇公共用水量,nan,nan,nan,居民生活用水量,nan,nan,nan,生态与环境用水量,nan,nan,nan,总用水量,nan,环境配水量,总计,总用水量（核算）,总供水量（核算）,总供水-总用水,nan,nan,nan,nan,nan,nan,nan,nan,nan,nan,nan,nan,nan,nan,nan,nan,nan,nan,nan,nan,nan,nan,nan
4,台州区,,,,,9411,410.46999999999997,251.82,662.29,294.27609999999993,2301.1065999999996,2666.7920999999997,5262.1748,82.4827,1076.5244,741.823,1900.8301,1486,22.650000000000002,289.4200000000001,184.96300000000002,139.03810000000004,22.294,10.5109,171.84300000000002,51.89400000000001,6.3089999999999975,18.567499999999995,0,3.379,2.4433,199.2086,201.6519,8.885800000000001,0.9810000000000001,3.7695000000000003,0,,0,13.6363,0.06310000000000002,0,0,0.06310000000000002,0.276,0.0833,0.0805,0.4398,14.1392,1.4947,5.9556000000000004,0.19760000000000003,0.054900000000000004,6.2081,0.0002,0.08760000000000003,0.1529,0,0.22060000000000002,0.007600000000000001,0.06280000000000001,0.5315,0,0.167,0.0948,1.3542999999999998,0.8614999999999999,2.4776,0.0006000000000000001,0.2011,0.8946,1.0957,0.0023,1.7371999999999999,0.9337,2.6708999999999996,0.06000000000000001,0.7393000000000001,0.41609999999999997,1.1554,0,14.1392,0.06310000000000002,1.4947,15.6339,,,,,,,,,,,,,,,,,,,,,,,,,,
