序号,市,县（市、区）,水资源分区,nan,水资源利用分区,面积（km2）,人口（万人）,nan,nan,国内地区生产总值  （亿元）,nan,nan,nan,工业增加值（亿元）,nan,nan,nan,火(核)电装机(万kW),nan,总耕地面积      （万亩）,有效灌溉面积   （万亩）,农田实灌面积（万亩）,nan,nan,nan,粮食产量（万吨）,林牧渔面积（万亩）,nan,nan,nan,牲畜(万头),nan,nan,地表水源供水量,nan,nan,nan,nan,nan,nan,地下水源供水量,nan,nan,nan,其他水源供水量,nan,nan,nan,总供水量,环境配水量,农田灌溉用水量,nan,nan,nan,nan,林牧渔畜用水量,nan,nan,nan,nan,nan,nan,nan,工业用水量,nan,nan,nan,nan,nan,城镇公共用水量,nan,nan,nan,居民生活用水量,nan,nan,nan,生态与环境用水量,nan,nan,nan,总用水量,nan,环境配水量,总计,总用水量（核算）,总供水量（核算）,总供水-总用水,nan,nan,nan,nan,nan,nan,nan,nan,nan,nan
1,杭嘉湖区,,,,,14999,1269.844,348.026,1617.87,386.5557,7963.770099999999,12911.194199999994,21261.52,219.30269999999996,5607.7401,1285.1770999999999,7112.219900000001,0,1842.1200000000001,565.47,528.3035000000001,377.647,43.199999999999996,51.376999999999995,472.22399999999993,166.2834,24.5,10.34,0,45.111999999999995,0.8002,2265.8439000000003,2266.6441000000004,4.4103,2.4551000000000007,29.9815,6.5524,0,0,43.399300000000004,0.0021999999999999997,0.0001,0,0.0023,1.382,0.0002,0,1.3821999999999999,44.78379999999999,17.3806,16.4108,0.42229999999999995,0.6482,17.481299999999997,0,0.1789,0.0986,0,2.4062999999999994,0.0024,0.11530000000000001,2.8015,0,0,1.1724,6.627100000000001,0.9110999999999999,8.7106,0.0018,1.0236000000000003,5.4524,6.476,0.0005,6.3607000000000005,1.5943999999999998,7.955100000000002,0,1.1752,0.18409999999999996,1.3593000000000004,0,44.78379999999999,0.0023,17.3806,62.1644,44.7838,44.783799999999985,0,,,,,,,,,,
