序号,市,县（市、区）,水资源分区,nan,水资源利用分区,面积（km2）,人口（万人）,nan,nan,国内地区生产总值  （亿元）,nan,nan,nan,工业增加值（亿元）,nan,nan,nan,火(核)电装机(万kW),nan,总耕地面积      （万亩）,有效灌溉面积   （万亩）,农田实灌面积（万亩）,nan,nan,nan,粮食产量（万吨）,林牧渔面积（万亩）,nan,nan,nan,牲畜(万头),nan,nan,地表水源供水量,nan,nan,nan,nan,nan,nan,地下水源供水量,nan,nan,nan,其他水源供水量,nan,nan,nan,总供水量,环境配水量,农田灌溉用水量,nan,nan,nan,nan,林牧渔畜用水量,nan,nan,nan,nan,nan,nan,nan,工业用水量,nan,nan,nan,nan,nan,城镇公共用水量,nan,nan,nan,居民生活用水量,nan,nan,nan,生态与环境用水量,nan,nan,nan,总用水量,nan,环境配水量,总计,总用水量（核算）,总供水量（核算）,总供水-总用水,nan,nan,nan,nan,nan,nan,nan,nan,nan,nan
5,钱塘江区,,,,,32502.000000000004,838.0157000000002,430.7743,1268.7899999999997,444.8947,4614.628000000001,5691.5803,10751.103,18.082900000000002,2744.9287000000004,1137.3018,3900.313400000001,34.5,457.7950000000001,745.3650000000001,572.5892000000001,426.8442,59.020099999999985,52.10610000000001,537.9704,161.32139999999995,23.510100000000012,50.6305,0.165,26.6488,7.5691000000000015,579.3761000000001,586.9452,21.7741,8.7634,6.731999999999999,0,,0,37.2695,0.08180000000000001,0,0,0.08180000000000001,0.5123,0.0172,0,0.5295000000000001,37.8808,1.3663,15.984099999999998,0.5077499999999999,0.4573500000000002,16.9492,0.0015,0.12930000000000003,0.3007,0.0009,2.5254,0.023369999999999995,0.2842299999999999,3.2639,0.033999999999999996,0.4221,0.4435,4.751200000000001,1.1741,6.7909000000000015,0.0257,0.5968,2.881300000000002,3.478099999999999,0.0112,4.155399999999999,1.7918000000000003,5.9472,0.009399999999999999,1.1413,0.3102000000000001,1.4514999999999998,0,37.8808,0.08180000000000001,1.3663,39.247099999999996,37.8808,37.880799999999994,0,,15.4954,16.8617,,,20.2131,,,,
