序号,市,县（市、区）,水资源分区,nan,水资源利用分区,面积（km2）,人口（万人）,nan,nan,国内地区生产总值  （亿元）,nan,nan,nan,工业增加值（亿元）,nan,nan,nan,火(核)电装机(万kW),nan,总耕地面积      （万亩）,有效灌溉面积   （万亩）,农田实灌面积（万亩）,nan,nan,nan,粮食产量（万吨）,林牧渔面积（万亩）,nan,nan,nan,牲畜(万头),nan,nan,地表水源供水量,nan,nan,nan,nan,nan,nan,地下水源供水量,nan,nan,nan,其他水源供水量,nan,nan,nan,总供水量,环境配水量,农田灌溉用水量,nan,nan,nan,nan,林牧渔畜用水量,nan,nan,nan,nan,nan,nan,nan,工业用水量,nan,nan,nan,nan,nan,城镇公共用水量,nan,nan,nan,居民生活用水量,nan,nan,nan,生态与环境用水量,nan,nan,nan,总用水量,nan,环境配水量,总计,总用水量（核算）,总供水量（核算）,总供水-总用水,nan,nan,nan,nan,nan,nan,nan,nan,nan,nan
4,台州区,,,,,9411,417.05000000000007,249.05,666.1,304.34999999999997,2542.83,2939.2000000000003,5786.380000000001,100.202,1227.1280000000002,834.6999999999999,2162.03,1086,455.332,304.2850000000001,187.02800000000002,138.88600000000002,22.2977,10.505199999999999,171.68890000000002,55.99,4.954,19.7342,0,4.6185,2.4028,302.468,304.87080000000003,8.782699999999998,1.0069000000000001,3.7607,0,,0,13.5503,0.029799999999999997,0,0,0.029799999999999997,0.19549999999999998,0.0662,0.0969,0.35860000000000003,13.9387,1.5865,5.887299999999999,0.19589999999999996,0.0547,6.1379,0,0.06529999999999998,0.1709,0,0.3349000000000001,0.0084,0.06779999999999999,0.6473000000000001,0,0.2049,0.0907,1.2446000000000002,0.7430999999999999,2.2832999999999997,0.0003,0.21259999999999996,0.8227000000000001,1.0352999999999999,0,1.8874999999999997,0.9446999999999999,2.8322,0.029499999999999995,0.6503000000000001,0.35240000000000005,1.0027,0,13.9387,0.029799999999999997,1.5865,15.525199999999998,13.9387,13.9387,0,,4.7676,6.3541,,,6.785200000000001,,,,
