序号,市,县（市、区）,水资源分区,nan,水资源利用分区,面积（km2）,人口（万人）,nan,nan,国内地区生产总值  （亿元）,nan,nan,nan,工业增加值（亿元）,nan,nan,nan,火(核)电装机(万kW),nan,总耕地面积      （万亩）,有效灌溉面积   （万亩）,农田实灌面积（万亩）,nan,nan,nan,粮食产量（万吨）,林牧渔面积（万亩）,nan,nan,nan,牲畜(万头),nan,nan,地表水源供水量,nan,nan,nan,nan,nan,nan,地下水源供水量,nan,nan,nan,其他水源供水量,nan,nan,nan,总供水量,环境配水量,农田灌溉用水量,nan,nan,nan,nan,林牧渔畜用水量,nan,nan,nan,nan,nan,nan,nan,工业用水量,nan,nan,nan,nan,nan,城镇公共用水量,nan,nan,nan,居民生活用水量,nan,nan,nan,生态与环境用水量,nan,nan,nan,总用水量,nan,环境配水量,总计,总用水量（核算）,总供水量（核算）,总供水-总用水,nan,nan,nan,nan,nan,nan,nan,nan,nan,nan
,其中湖州市,,,,,5820,224.85399999999996,115.84599999999999,340.69999999999993,148.5457,1864.7501000000002,1634.4642,3647.7599999999998,41.39,1164.9099999999999,472.93999999999994,1679.24,0,519.62,237.79999999999998,202.5035,146.14999999999998,12.52,21.647,180.31699999999998,52.7429,13.520000000000001,0,0,24.680000000000003,0.3003,110.59140000000001,110.8917,3.5515,0.49319999999999997,8.0505,0,,0,12.0952,0.0013,0,0,0.0013,0.5184,0,0,0.5184,12.6149,0.0365,5.478000000000001,0.0795,0.3438,5.9013,0,0.0569,0,0,1.3802,0.0009,0.0361,1.4741,0,0,0.41539999999999994,1.2379,0.5300999999999999,2.1834000000000002,0.0013,0.10620000000000002,0.9924000000000001,1.0985999999999998,0,1.1350000000000002,0.5222999999999999,1.6572999999999998,0,0.2222,0.078,0.3002,0,12.6149,0.0013,0.0365,12.6514,12.614900000000002,12.6149,0,,8.5437,8.5802,3.0561,2.1834000000000002,7.3754,,,,
