序号,市,县（市、区）,水资源分区,nan,水资源利用分区,nan,面积（km2）,人口（万人）,nan,nan,国内地区生产总值  （亿元）,nan,nan,nan,工业增加值（亿元）,nan,nan,nan,火(核)电装机(万kW),nan,总耕地面积      （万亩）,有效灌溉面积   （万亩）,农田实灌面积（万亩）,nan,nan,nan,粮食产量（万吨）,林牧渔面积（万亩）,nan,nan,nan,牲畜(万头),nan,nan,地表水源供水量,nan,nan,nan,nan,nan,nan,地下水源供水量,nan,nan,nan,其他水源供水量,nan,nan,nan,总供水量,环境配水量,农田灌溉用水量,nan,nan,nan,nan,林牧渔畜用水量,nan,nan,nan,nan,nan,nan,nan,工业用水量,nan,nan,nan,nan,nan,城镇公共用水量,nan,nan,nan,居民生活用水量,nan,nan,nan,生态与环境用水量,nan,nan,nan,总用水量,nan,环境配水量,总计,总用水量（核算）,总供水量（核算）,总供水-总用水
3,温州区,,,,,,12088,712.9936000000001,254.9064,967.9000000000001,178.018,3389.2542999999996,4482.251499999999,8049.523799999999,160.92000000000002,1256.6317999999999,1288.0609,2705.6127,552.2,16.5,232.85,198.1432,128.7641,27.526199999999996,0,156.29029999999997,79.9162,12.765,24.933000000000003,0,0.5876,7.2208,153.96120000000002,161.182,10.7089,3.5073000000000008,2.1808,0,,0,16.397000000000002,0.022500000000000006,0,0,0.022500000000000006,0.1585,0.0008,0.026699999999999998,0.1838,16.6033,4.2832,5.0036000000000005,0.5283,0,5.5319,0.0081,0.0548,0.1094,0,0.0945,0.020799999999999996,0.05489999999999999,0.33440000000000003,0,0.1405,0.0487,1.1134000000000002,1.4361,2.7386999999999997,0.0025,0.6604,1.4728999999999997,2.1333,0.002,3.6623,0.9730000000000001,4.635299999999999,0.009899999999999999,1.2297,0,1.2297,0,16.6033,0.022500000000000006,4.2832,20.886499999999998,0,0,0
