序号,市,县（市、区）,水资源分区,nan,水资源利用分区,nan,面积（km2）,人口（万人）,nan,nan,国内地区生产总值  （亿元）,nan,nan,nan,工业增加值（亿元）,nan,nan,nan,火(核)电装机(万kW),nan,总耕地面积      （万亩）,有效灌溉面积   （万亩）,农田实灌面积（万亩）,nan,nan,nan,粮食产量（万吨）,林牧渔面积（万亩）,nan,nan,nan,牲畜(万头),nan,nan,地表水源供水量,nan,nan,nan,nan,nan,nan,地下水源供水量,nan,nan,nan,其他水源供水量,nan,nan,nan,总供水量,环境配水量,农田灌溉用水量,nan,nan,nan,nan,林牧渔畜用水量,nan,nan,nan,nan,nan,nan,nan,工业用水量,nan,nan,nan,nan,nan,城镇公共用水量,nan,nan,nan,居民生活用水量,nan,nan,nan,生态与环境用水量,nan,nan,nan,总用水量,nan,环境配水量,总计,总用水量（核算）,总供水量（核算）,总供水-总用水
5,钱塘江区,,,,,,32502.000000000004,849.6563,421.8437000000001,1271.4999999999993,476.20949999999993,4920.7233000000015,5880.351499999999,11277.284300000001,29.433399999999992,2854.0481999999997,1272.3084999999999,4155.790100000001,34.5,455.7050000000001,569.13,511.94190000000003,367.8786999999999,83.3217,0,451.2004,161.55620000000002,24.118900000000007,160.59359999999998,0,26.142500000000005,7.8388,579.3759,587.2147,22.434099999999997,8.945,6.748600000000002,0,,0,38.127700000000004,0.05600000000000001,0,0,0.05600000000000001,0.7592,0.0166,0,0.7757999999999999,38.959500000000006,1.098,16.2686,0.8326999999999998,0,17.101300000000002,0.0015,0.13870000000000002,0.7576999999999999,0,2.6486000000000014,0.02199999999999999,0.268,3.834999999999999,0.014700000000000001,0.3693,0.5195,4.6979999999999995,1.1322999999999999,6.7109,0.025400000000000002,0.4353999999999999,3.173600000000001,3.609,0.0055,4.3816000000000015,1.9063999999999999,6.287999999999999,0.0089,1.1582000000000001,0.2571,1.4152999999999998,0,38.959500000000006,0.05600000000000001,1.098,40.057500000000005,0,0,0
