序号,市,县（市、区）,水资源分区,nan,水资源利用分区,nan,面积（km2）,人口（万人）,nan,nan,国内地区生产总值  （亿元）,nan,nan,nan,工业增加值（亿元）,nan,nan,nan,火(核)电装机(万kW),nan,总耕地面积      （万亩）,有效灌溉面积   （万亩）,农田实灌面积（万亩）,nan,nan,nan,粮食产量（万吨）,林牧渔面积（万亩）,nan,nan,nan,牲畜(万头),nan,nan,地表水源供水量,nan,nan,nan,nan,nan,nan,地下水源供水量,nan,nan,nan,其他水源供水量,nan,nan,nan,总供水量,环境配水量,农田灌溉用水量,nan,nan,nan,nan,林牧渔畜用水量,nan,nan,nan,nan,nan,nan,nan,工业用水量,nan,nan,nan,nan,nan,城镇公共用水量,nan,nan,nan,居民生活用水量,nan,nan,nan,生态与环境用水量,nan,nan,nan,总用水量,nan,环境配水量,总计,总用水量（核算）,总供水量（核算）,总供水-总用水
1,杭嘉湖区,,,,,,14999,1287.9269999999995,344.00299999999993,1631.9299999999998,415.10269999999997,8440.2378,13473.788599999998,22329.1291,237.8972,6023.252499999999,1260.9191,7522.068799999999,0,1764.5200000000002,404.9700000000001,390.31710000000004,319.33880000000005,37.8784,0,357.21720000000005,166.83699999999996,15.489999999999998,59.24999999999999,0,41.03429999999999,0.7647,2286.9975,2287.7622,4.5127999999999995,2.1975,27.2783,9.226099999999999,0,0,43.214699999999986,0.0012000000000000001,0.0002,0.0002,0.0012000000000000001,0.9578000000000001,0.010700000000000001,0,0.9688,44.18470000000001,16.7854,15.252899999999999,0.4848,0,15.7377,0,0.1386,0.3855,0,2.8771000000000004,0.0021,0.13119999999999998,3.5345,0,0,1.3004,6.4041000000000015,0.6432,8.345999999999998,0.0012000000000000001,1.0332,5.2444999999999995,6.2776999999999985,0,7.0159,1.6646,8.680500000000002,0,1.3675999999999997,0.24070000000000003,1.6082999999999998,0,44.18470000000001,0.0012000000000000001,16.7854,60.970099999999995,0,0,0
