序号,市,县（市、区）,水资源分区,nan,水资源利用分区,nan,面积（km2）,人口（万人）,nan,nan,国内地区生产总值  （亿元）,nan,nan,nan,工业增加值（亿元）,nan,nan,nan,火(核)电装机(万kW),nan,总耕地面积      （万亩）,有效灌溉面积   （万亩）,农田实灌面积（万亩）,nan,nan,nan,粮食产量（万吨）,林牧渔面积（万亩）,nan,nan,nan,牲畜(万头),nan,nan,地表水源供水量,nan,nan,nan,nan,nan,nan,地下水源供水量,nan,nan,nan,其他水源供水量,nan,nan,nan,总供水量,环境配水量,农田灌溉用水量,nan,nan,nan,nan,林牧渔畜用水量,nan,nan,nan,nan,nan,nan,nan,工业用水量,nan,nan,nan,nan,nan,城镇公共用水量,nan,nan,nan,居民生活用水量,nan,nan,nan,生态与环境用水量,nan,nan,nan,总用水量,nan,环境配水量,总计,总用水量（核算）,总供水量（核算）,总供水-总用水
4,台州区,,,,,,9411,426.99999999999994,240.79999999999998,667.8,329.29,2639.2300000000005,3071.0999999999995,6039.62,90.34,1472.15,675.0700000000002,2237.5600000000004,136.46,466.3,304.285,192.367,131.62959999999998,25.1079,0,156.7375,55.98999999999999,3.1100000000000003,24.7981,0,3.7663,3.0363,204.73170000000002,207.76800000000003,8.9448,1.0116,3.8385,0,,0,13.7949,0.018699999999999998,0,0,0.018699999999999998,0.1747,0.04309999999999999,0.122,0.33980000000000005,14.153399999999998,1.6031000000000002,5.601099999999999,0.8347,0,6.4358,0,0.036899999999999995,0.21569999999999998,0,0.4315,0.011,0.0736,0.7687,0,0.2264,0.087,1.2044000000000004,0.7267000000000001,2.2445,0.0003,0.18850000000000003,0.8210999999999998,1.0096,0.0002,1.9887000000000004,1.0183,3.007,0.018199999999999997,0.44020000000000004,0.24759999999999996,0.6878,0,14.153399999999998,0.018699999999999998,1.6031000000000002,15.756499999999999,0,0,0
