序号,市,县（市、区）,水资源分区,nan,水资源利用分区,面积（km2）,人口（万人）,nan,nan,国内地区生产总值  （亿元）,nan,nan,nan,工业增加值（亿元）,nan,nan,nan,火(核)电装机(万kW),nan,总耕地面积      （万亩）,有效灌溉面积   （万亩）,农田实灌面积（万亩）,nan,nan,nan,粮食产量（万吨）,林牧渔面积（万亩）,nan,nan,nan,牲畜(万头),nan,nan,地表水源供水量,nan,nan,nan,nan,nan,nan,地下水源供水量,nan,nan,nan,其他水源供水量,nan,nan,nan,总供水量,环境配水量,农田灌溉用水量,nan,nan,nan,nan,林牧渔畜用水量,nan,nan,nan,nan,nan,nan,nan,工业用水量,nan,nan,nan,nan,nan,城镇公共用水量,nan,nan,nan,居民生活用水量,nan,nan,nan,生态与环境用水量,nan,nan,nan,总用水量,nan,环境配水量,总计
,其中湖州市,,,,,5820,231.95770000000005,111.9423,343.9,158.9763,1979.0112,1877.0095000000001,4014.9970000000003,41.063500000000005,1222.1045000000001,501.14220000000006,1764.3102000000001,0,454.0525,126.96000000000002,125.99000000000002,107.4387,17.7673,0,125.20600000000002,53.66,4.65,8.87,0,24.680000000000003,0.2921,138.047,138.3391,3.4952000000000005,0.4897,8.4499,0,,0,12.4348,0.0008,0,0,0.0008,0.3418,0,0,0.3418,12.777399999999998,0.0318,4.7199,0.23270000000000002,0,4.9526,0,0.0219,0.09500000000000001,0,2.073,0.0008,0.0588,2.2495,0,0,0.6072999999999998,1.2091,0.5222,2.3284000000000002,0.0008,0.14969999999999997,0.9777000000000001,1.1274,0,1.1733999999999998,0.5181999999999999,1.6916,0,0.3322,0.09570000000000001,0.42789999999999995,0,12.777399999999998,0.0008,0.0318,12.809199999999999
