序号,市,县（市、区）,水资源分区,nan,水资源利用分区,面积（km2）,人口（万人）,nan,nan,国内地区生产总值  （亿元）,nan,nan,nan,工业增加值（亿元）,nan,nan,nan,火(核)电装机(万kW),nan,总耕地面积      （万亩）,有效灌溉面积   （万亩）,农田实灌面积（万亩）,nan,nan,nan,粮食产量（万吨）,林牧渔面积（万亩）,nan,nan,nan,牲畜(万头),nan,nan,地表水源供水量,nan,nan,nan,nan,nan,nan,地下水源供水量,nan,nan,nan,其他水源供水量,nan,nan,nan,总供水量,环境配水量,农田灌溉用水量,nan,nan,nan,nan,林牧渔畜用水量,nan,nan,nan,nan,nan,nan,nan,工业用水量,nan,nan,nan,nan,nan,城镇公共用水量,nan,nan,nan,居民生活用水量,nan,nan,nan,生态与环境用水量,nan,nan,nan,总用水量,nan,环境配水量,总计
1,杭嘉湖区,,,,,14999,1309.6377,338.26230000000004,1647.9,411.21629999999993,8464.1812,14646.739500000001,23522.137,212.95349999999996,6029.2345000000005,1272.7921999999999,7514.980200000001,0,1679.7525,403.13,386.45000000000005,319.0487,34.307300000000005,0,353.356,171.22000000000003,14.679999999999996,47.050000000000004,0,44.04999999999999,0.7820999999999999,2336.887,2337.6691000000005,4.5121,2.1114,27.796599999999994,9.561499999999999,0,0,43.98160000000001,0.0008,0.0001,0,0.0015,0.736,0.0133,0,0.7526999999999999,44.735800000000005,15.9639,15.092799999999999,0.36760000000000004,0,15.460399999999998,0,0.10710000000000001,0.3264,0,3.1047000000000002,0.002,0.1284,3.6690999999999994,0,0,1.3472,6.331299999999999,0.8865,8.5558,0.0015,0.9111,5.5243,6.435400000000001,0,7.3065,1.6899,8.996400000000001,0,1.3908,0.22790000000000002,1.6187,0,44.735800000000005,0.0015,15.9639,60.6997
