序号,市,县（市、区）,水资源分区,nan,水资源利用分区,面积（km2）,人口（万人）,nan,nan,国内地区生产总值  （亿元）,nan,nan,nan,工业增加值（亿元）,nan,nan,nan,火(核)电装机(万kW),nan,总耕地面积      （万亩）,有效灌溉面积   （万亩）,农田实灌面积（万亩）,nan,nan,nan,粮食产量（万吨）,林牧渔面积（万亩）,nan,nan,nan,牲畜(万头),nan,nan,地表水源供水量,nan,nan,nan,nan,nan,nan,地下水源供水量,nan,nan,nan,其他水源供水量,nan,nan,nan,总供水量,环境配水量,农田灌溉用水量,nan,nan,nan,nan,林牧渔畜用水量,nan,nan,nan,nan,nan,nan,nan,工业用水量,nan,nan,nan,nan,nan,城镇公共用水量,nan,nan,nan,居民生活用水量,nan,nan,nan,生态与环境用水量,nan,nan,nan,总用水量,nan,环境配水量,总计
3,温州区,,,,,12088,728.7585000000001,247.33939999999996,976.0979000000001,179.76390000000004,3611.2797999999993,4956.7346,8747.7783,200.55,1390.25,1288.9270999999999,2879.7271000000005,0,568.6999999999999,230.7843,218.92999999999998,135.61690000000002,28.2987,0,163.9156,69.89410000000001,12.765,24.933000000000003,0,4.8505,6.434799999999998,176.7994,183.2342,10.725800000000003,3.4121,2.4778000000000002,0,,0,16.615700000000004,0.0223,0,0,0.0223,0.154,0,0.0403,0.19519999999999998,16.8332,4.6059,5.0222999999999995,0.5276,0,5.5499,0.0081,0.08560000000000001,0.1222,0,0.23359999999999997,0.0179,0.06020000000000002,0.49709999999999993,0,0,0.21059999999999998,0,2.4591000000000003,2.6702000000000004,0.0013000000000000002,0.6529,1.4648,2.1177,0.0018000000000000002,3.7165,0.9732000000000001,4.689699999999999,0.011099999999999999,1.3086000000000002,0,1.3086000000000002,0,16.8332,0.0223,4.6059,21.439100000000003
