序号,所属流域_z,二级,三级,四级,四级编码,行政区_县区代码,县区名称,市,面积,人口（万人）_城镇,农村,合计,国内地区生产总值  （亿元）_一产,二产,三产,合计,工业增加值（亿元）_火核电工业,国有及规模以上一般工业,规模以下工业,合计,火(核)电装机(万kW)_直流式,循环式,总耕地面积      （万亩）,有效灌溉面积   （万亩）,农田实灌面积（万亩）_水田,水浇地,菜田,总计,粮食产量（万吨）,林牧渔面积（万亩）_林地灌溉,园地灌溉,草场灌溉,人工鱼塘,牲畜(万头)_大牲畜,小牲畜,合计
,,,,,,,,全省,104800.00000000001,4928.373000000004,1698.8249000000005,6627.197900000002,2330.5778999999998,33949.20219999999,45947.115100000025,82226.8952,775.3069000000002,23379.638699999992,5275.397400000002,29430.34299999999,34.5,5803.1451,2241.8566999999994,1861.1420999999998,1387.7193999999988,232.73499999999996,12.209999999999999,1632.6644,638.8170999999994,88.61339999999998,311.22890000000007,0,98.1164,23.169399999999996,3820.8464000000013,3844.0158000000015
,,,,,,,,全省,1392,78.03999999999999,19.759999999999998,97.80000000000001,17.36,260.11,527.35,804.8199999999999,,,,,,,,,,,,,,,,,,,,
,,,,,,,,全省,1426,26.45,20.450000000000003,46.9,16.48,140.72,211.68,368.88,0.36,80.56,37.3,118.22,0,2.25,42.510000000000005,24.439999999999998,15.104800000000001,4.1652000000000005,0,19.27,7.359999999999999,0.165,1.9649999999999999,0,0.31,1.0208,24.025100000000002,25.0459
,,,,,,,,全省,,,,0,,,,0,,,,,,,,0,,,,,,,,,,,,
