序号,市,县（市、区）,水资源分区,nan,水资源利用分区,面积（km2）,人口（万人）,nan,nan,国内地区生产总值  （亿元）,nan,nan,nan,工业增加值（亿元）,nan,nan,nan,火(核)电装机(万kW),nan,总耕地面积      （万亩）,有效灌溉面积   （万亩）,农田实灌面积（万亩）,nan,nan,nan,粮食产量（万吨）,林牧渔面积（万亩）,nan,nan,nan,牲畜(万头),nan,nan,地表水源供水量,nan,nan,nan,nan,nan,nan,地下水源供水量,nan,nan,nan,其他水源供水量,nan,nan,nan,总供水量,环境配水量,农田灌溉用水量,nan,nan,nan,nan,林牧渔畜用水量,nan,nan,nan,nan,nan,nan,nan,工业用水量,nan,nan,nan,nan,nan,城镇公共用水量,nan,nan,nan,居民生活用水量,nan,nan,nan,生态与环境用水量,nan,nan,nan,总用水量,nan,环境配水量,总计
5,钱塘江区,,,,,32502.000000000004,866.2900000000001,410.6100000000002,1276.9,469.4886999999999,5012.073200000001,6570.9751000000015,12052.537000000002,30.538400000000003,2921.9994999999994,1236.7432000000001,4189.2811,34.5,474.6250000000001,609.98,497.1019,389.20259999999996,58.174200000000006,5.03,452.4068000000001,153.4,22.72,135.302,0,23.531499999999998,7.1867,574.8986,582.0853,22.523100000000003,8.8179,6.4563,0,,0,37.797300000000014,0.04400000000000004,0,0,0.05540000000000002,0.8276999999999999,0.016,0,0.8444,38.70320000000002,1.5143,16.334200000000003,0.4069,0.0502,16.7913,0.0016,0.12160000000000007,0.7862999999999999,0,2.4402,0.019299999999999994,0.26410000000000006,3.6315,0.0142,0.3624,0.6101999999999997,4.625000000000001,1.1405999999999998,6.686099999999999,0.0288,0.4305999999999999,3.3746000000000014,3.8018000000000005,0.0073999999999999995,4.499199999999999,1.9083000000000003,6.407499999999999,0.0092,1.1343,0.25070000000000003,1.3850000000000005,0,38.70320000000002,0.05550000000000002,1.5143,40.217500000000015
