序号,市,县（市、区）,水资源分区,nan,水资源利用分区,面积（km2）,人口（万人）,nan,nan,国内地区生产总值  （亿元）,nan,nan,nan,工业增加值（亿元）,nan,nan,nan,火(核)电装机(万kW),nan,总耕地面积      （万亩）,有效灌溉面积   （万亩）,农田实灌面积（万亩）,nan,nan,nan,粮食产量（万吨）,林牧渔面积（万亩）,nan,nan,nan,牲畜(万头),nan,nan,地表水源供水量,nan,nan,nan,nan,nan,nan,地下水源供水量,nan,nan,nan,其他水源供水量,nan,nan,nan,总供水量,环境配水量,农田灌溉用水量,nan,nan,nan,nan,林牧渔畜用水量,nan,nan,nan,nan,nan,nan,nan,工业用水量,nan,nan,nan,nan,nan,城镇公共用水量,nan,nan,nan,居民生活用水量,nan,nan,nan,生态与环境用水量,nan,nan,nan,总用水量,nan,环境配水量,总计
4,台州区,,,,,9411,435.35999999999984,235.84,671.2,334.21,2628.75,3278.1199999999994,6241.08,94.19999999999999,1465.6000000000001,672.2800000000002,2232.08,0,603.963,290.2824,187.34189999999998,135.30679999999998,25.2989,0,160.6057,57.6,3.053,24.151000000000003,0,3.6963999999999997,2.8519000000000005,173.13619999999997,175.98809999999997,9.0254,1.0177,3.7828999999999997,0,,0,13.825999999999999,0.017799999999999996,0,0,0.017799999999999996,0.1941,0.025,0.1479,0.36700000000000005,14.210800000000003,1.6095999999999997,5.561300000000001,0.8234999999999999,0,6.3847999999999985,0,0.0346,0.1985,0,0.4263,0.0096,0.06319999999999999,0.7322,0,0,0.3446999999999999,1.2115,0.7251000000000001,2.2582,0.0005,0.18610000000000002,0.8824000000000001,1.0685000000000002,0.0002,2.0890000000000004,1.0442,3.1332000000000004,0.017099999999999997,0.4076,0.22629999999999997,0.6338999999999998,0,14.210800000000003,0.017799999999999996,1.6095999999999997,15.820400000000001
